,name_set,part_num,name,freq
607,Large Wheels and Axles,2536,"Plant Tree Palm Trunk - Short Connector, no Axle Hole",1
609,Large Wheels and Axles,2711,"Technic Plate 1 x 5 with Toothed Ends, 2 Studs and Center Axle Hole",1
610,Large Wheels and Axles,2717,Technic Seat [3 x 2 Base],1
614,Large Wheels and Axles,2952,Propeller 2 Blade 9 Diameter,1
628,Large Wheels and Axles,3650c,Technic Gear 24 Tooth Crown with Reinforcements [New Style],1
648,Large Wheels and Axles,4262,Technic Plate 1 x 6 with Toothed Ends,1
649,Large Wheels and Axles,4265b,Technic Bush 1/2 Toothed Type II [X Opening],1
655,Large Wheels and Axles,6538a,Technic Axle Connector Ridged [with + Hole + Orientation],1
658,Large Wheels and Axles,75c11,"Hose, Rigid 3mm D. 11L / 8.8cm",1
3697,Krana,x469bc,Electric Motor 4.5V/12V Type II 12 x 4 x 3 1/3 Gearbox (Train),1
6228,Vintage Car,23186,Hair Swept Left Tousled,1
6229,Vintage Car,26562,Soccer Ball with Black Pentagons Print,1
6230,Vintage Car,3626cpr1928,"Head Reddish Brown Eyebrows, Chin and Moustache Stubble, White Pupils Pattern (Mario Götze) - Stud Recessed",1
6231,Vintage Car,88646pr0002,Tile Special 3 x 4 with 4 Studs in Centre with 4 Silver Stars Print,1
6232,Vintage Car,970c00pr1051,"Hips and Legs with DFB Logo with 4 Stars, Light Flesh and White Stripes, Lines on Sides Pattern",1
6233,Vintage Car,973pr3377c01,"Torso Soccer Shirt with adidas Logo, 4 Stars and Eagle Front, 'GÖTZE 19' Back Pattern / Light Flesh Arms with White Short Sleeves Pattern / Light Flesh Hands",1
15847,Helicopter Transport,18868a,Dimensions Stand - Toy Tag 4 x 4 x 2/3 with 4 Studs - Top and Bottom Same Color (Generic for Gadgets),1
15848,Helicopter Transport,19981pr0033,Dimensions Toy Tag 4 x 4 x 2/3 with 2 Studs for Zane #33 with Gold Zane Symbol and White Asian Character Print,1
15857,Helicopter Transport,3626cpr1570,"Minifig Head Dual Sided Alien with Robot Silver with Blue Eyes, Gray Eyebrows / Blue Visor with Headset and Eyepiece Print [Hollow Stud]",1
15881,Helicopter Transport,970c00pr0777,Legs and Hips with Silver Sash and White Knee Pads Print,1
15882,Helicopter Transport,973pr2858c01,"Torso Ninjago Shoulder Protection with White Straps and Gold Lion Emblem over Robes, Shurikens in Belt Print / Flat Silver Arms / Black Hands",1
15884,Helicopter Transport,98133pr0013,Minifig Ninjago Wrap with White Asian Character Print (Zane),1
15891,DK Star Wars Brickmaster: Battle For The Stolen Crystals,2815,Technic Wedge Belt Wheel Tire,1
15892,DK Star Wars Brickmaster: Battle For The Stolen Crystals,2850b,"Technic Engine Cylinder without Side Slots, with Bottom Slots",1
15911,DK Star Wars Brickmaster: Battle For The Stolen Crystals,32198,Technic Gear 20 Tooth Bevel,1
15912,DK Star Wars Brickmaster: Battle For The Stolen Crystals,32269,Technic Gear 20 Tooth Double Bevel with Axle Hole Type 2 [X Opening],1
15935,DK Star Wars Brickmaster: Battle For The Stolen Crystals,55615,Technic Pin Connector Hub Perpendicular 3 x 3 Bent with 4 Pins,1
15947,DK Star Wars Brickmaster: Battle For The Stolen Crystals,75c12,"Hose, Rigid 3mm D. 12L / 9.6cm",1
15950,DK Star Wars Brickmaster: Battle For The Stolen Crystals,78c09,"Hose, Ribbed 7mm D. 9L",1
18744,Delivery Van,3048a,Slope 45° 2 x 1 Triple with Hollow Underside,1
18746,Delivery Van,962,Slope 45° 2 x 2 Double Convex / Double Concave,1
18782,Police Car,30217,"Belville, Clothes Hat, Woman's Wide Brim",1
18786,Police Car,33202px1,Belville Horse Carriage Base with Crown and Flower Heart Print,1
18787,Police Car,33209,Belville Horse Wagon Hitch,1
18788,Police Car,33210,Belville Horse Harness with Shafts,1
18789,Police Car,33211,Wheel Wagon Huge (43mm D.),1
18790,Police Car,33212,"Wheel Wagon Giant (56mm D., 7 studs Dia.)",1
18791,Police Car,33243px1,"Brick, Modified 1 x 3 x 2 with Curved Top and Rose Print",1
18805,Police Car,4429,Minifig Flask with Handle,1
18810,Police Car,4740pb01,Dish 2 x 2 Inverted (Radar) with Lace and Flower Print,1
18815,Police Car,6171pr01,Horse (Belville) with Blue Eyes and Gold Stars Print,1
18818,Police Car,6184,"Brick, Arch 1 x 12 x 5 Curved Top",1
18823,Police Car,belvskirt18,"Belville, Clothes Skirt Long, Roses Print with 3 Rosettes & Lace Hem, with Sheer Layer",1
18824,Police Car,cloth5,Belville Cloth Bed Veil - Small,1
19367,Spyrius Fold-Wing Spacecraft,30492,Sports Field Section 8 x 8,1
19374,Spyrius Fold-Wing Spacecraft,3626bpa3,"Minifig Head Moustache Black Bangs, Striped Sideburns Print [Blocked Open Stud]",1
19375,Spyrius Fold-Wing Spacecraft,3626bpb0103,"Minifig Head Male Brown Hair, Thick Arched Eyebrows and Stubble Print [Blocked Open Stud]",1
19376,Spyrius Fold-Wing Spacecraft,3626bpx134,"Minifig Head Male Spiky Black Hair, Nose Freckles and Smirk Print [Blocked Open Stud]",1
19385,Spyrius Fold-Wing Spacecraft,41732,"Technic Pin Joiner Round with Slot, Bar and Pivot",1
19386,Spyrius Fold-Wing Spacecraft,41733,Sports Soccer Goalie Stick Holder Base,1
19388,Spyrius Fold-Wing Spacecraft,41819c01,"Sports Field Section 8 x 16 with Horizontal Slot and Sliding Holder, Assembly",1
19397,Spyrius Fold-Wing Spacecraft,71509,Rubber Band Small 13mm (Square Cross Section),1
19399,Spyrius Fold-Wing Spacecraft,72824pr02,Sports Soccer Ball with Official World Cup Ball (Fevernova) Print,1
19405,Spyrius Fold-Wing Spacecraft,973pb0165c01,Torso Soccer Goalie Red Hexagons and No. 1 Front and Back Print / Black Arms / Black Hands,1
19406,Spyrius Fold-Wing Spacecraft,973pb0166c01,Torso Soccer Goalie Gray Hexagons and No. 1 Front and Back Print / Black Arms / Black Hands,1
19407,Spyrius Fold-Wing Spacecraft,973pb0167c01,Torso Soccer Black Fading Stripes and No. 2 Front and Back Print / Red Arms / Yellow Hands,1
19408,Spyrius Fold-Wing Spacecraft,973pb0168c01,Torso Soccer Blue Chevron and No. 2 Front and Back Print / White Arms / Yellow Hands,1
19409,Spyrius Fold-Wing Spacecraft,973pb0169c01,Torso Soccer Black Fading Stripes and No. 4 Front and Back Print / Red Arms / Yellow Hands,1
19410,Spyrius Fold-Wing Spacecraft,973pb0170c01,Torso Soccer Blue Chevron and No. 4 Front and Back Print / White Arms / Yellow Hands,1
19411,Spyrius Fold-Wing Spacecraft,973pb0171c01,Torso Soccer Black Fading Stripes and No. 9 Front and Back Print / Red Arms / Yellow Hands,1
19412,Spyrius Fold-Wing Spacecraft,973pb0172c01,Torso Soccer Blue Chevron and No. 9 Front and Back Print / White Arms / Yellow Hands,1
19413,Spyrius Fold-Wing Spacecraft,973pb0173c01,Torso Soccer Black Fading Stripes and No. 10 Front and Back Print / Red Arms / Yellow Hands,1
19414,Spyrius Fold-Wing Spacecraft,973pb0174c01,Torso Soccer Blue Chevron and No. 10 Front and Back Print / White Arms / Yellow Hands,1
19415,Spyrius Fold-Wing Spacecraft,973pb0175c01,Torso Soccer Black Fading Stripes and No. 11 Front and Back Print / Red Arms / Yellow Hands,1
19416,Spyrius Fold-Wing Spacecraft,973pb0176c01,Torso Soccer Blue Chevron and No. 11 Front and Back Print / White Arms / Yellow Hands,1
19417,Spyrius Fold-Wing Spacecraft,x386,"Sports Net Soccer Goal, Enclosed",1
20576,Meteor Monitor,2847c01,9V Battery Box 4 x 14 x 4 with Dark Gray Base Complete Assembly,1
20611,Meteor Monitor,32126,Technic Axle and Pin Connector Toggle Joint Smooth,1
20646,Meteor Monitor,41753,Rubber Band / Belt Holder 2 x 6 x 2 1/3,1
20647,Meteor Monitor,42090,Monkey Tail - Curled [4094],1
20652,Meteor Monitor,44292,Wheel 30.4 x 20 with 3 Pinholes,1
20653,Meteor Monitor,44486c01,Motor 9V 4 x 4 x 3 1/3 with Dark Gray Base,1
20655,Meteor Monitor,45337c01,Gearbox 3 x 4 x 1 2/3 with Dark Gray Base,1
20656,Meteor Monitor,46224c01,Gearbox 4 x 2 x 4 [Worm / 24Tooth] Dark Gray Centre,1
20658,Meteor Monitor,5306bc162,"Wire with Brick 2 x 2 x 2/3 Pair, 162 Studs Long",1
20670,Meteor Monitor,rb00166,String Cord Thick,1
20671,Meteor Monitor,rb00170,Rubber Band Medium (Square Cross Section),1
54825,Clone Turbo Tank,51269,SPADE,1
54826,Clone Turbo Tank,55886pr0003,Duplo Quad Bike Top 4 x 8 x 2 - Black Handlebars and Yellow Headlights print,1
54827,Clone Turbo Tank,57052,Duplo Car Base 2 x 6 with Four Black Wheels and Flat Silver Hubs,1
54828,Clone Turbo Tank,63710pr0003,Duplo Figure Adult with Red Cap - Tan Top under Blue Coveralls with Red Pocket Flap - Light Flesh Face and Hands - Blue Legs,1
54829,Clone Turbo Tank,6446,Duplo Container Wooden-Style Crate,1
54832,Clone Turbo Tank,88540,"DUPLO BRICK 2X2, DEC. FRUIT",1
60341,Rapid River Village,30370ps3,Minifig Helmet Star Wars Rebel Pilot with Blue Rebel Symbol Print,1
60346,Rapid River Village,3626cpr0631,"Minifig Head Male Stern Black Eyebrows, Pupils and Orange Visor Print [Hollow Stud]",1
60369,Rapid River Village,6179pr0004,Tile Special 4 x 4 with Studs on Edge with Lego Star Wars Logo and 'X-wing Starfighter X-wing Pilot Yavin 4' Print [9677],1
60375,Rapid River Village,973pr1578c01,Torso Rebel Pilot with Flight Suit Print / Orange Arms / Black Hands,1
60376,Rapid River Village,98107pat0001,Hemisphere 11 x 11 - 4 Studs on Top with Marbled Dark Green Yavin 4 Print,1
76953,Mining Truck,3040p33,Slope 45° 2 x 1 with 9 Large + 3 Small White Buttons Print,1
76954,Mining Truck,3044p37,Slope 45° 2 x 1 Double with Double 3 Button Black Print,1
76962,Mining Truck,309p01,Baseplate Road 32 x 32 Service Station with Green Lines Print [9360 / 6378],1
76963,Mining Truck,3135c02,Slope Brick 45° 2 x 3 x 1 &amp; 1/3 Double with Arm and Light Gray Hook crane,1
76984,Mining Truck,3852a,Minifig Hairbrush Long Handle [14mm],1
76989,Mining Truck,3941p01,Brick Round 2 x 2 with Buttons on Black Panel Print on Two Sides,1
76998,Mining Truck,4212b,"Vehicle, Base 4 x 10 x 2/3 with 2 x 2 Recessed Center with Smooth Underside, No Center Hole",1
77003,Mining Truck,4347,Window 1 x 4 x 5 with Fixed Glass,1
77019,Mining Truck,73194c01,Door 1 x 4 x 5 Right with Trans-Clear Glass,1
77023,Mining Truck,973pb0201c01,Torso Overalls Blue Print (Dungarees) / White Arms / Yellow Hands,1
82811,Mini Animals,x555c01,Train Base 6 x 22 with Magnets,1
82813,Mini Robots,3004pr20,Brick 1 x 2 with Santa Claus Face Print,1
87277,Mini Construction,14226c11,String with End Studs 11L Overall,1
87278,Mini Construction,2340px2,Tail 4 x 1 x 3 with 'C 501' & Life Preserver Ring on Left Side Print,1
87279,Mini Construction,2340px3,Tail 4 x 1 x 3 with 'C 501' & Life Preserver Ring on Right Side Print,1
87290,Mini Construction,2493b,Window 1 x 4 x 5 with Hollow Studs,1
87292,Mini Construction,2547,Shark Body,1
87293,Mini Construction,2548,Shark Head,1
87307,Mini Construction,30089,Minifig Camera Handheld with Right-Aligned Viewfinder,1
87308,Mini Construction,3008pb034,Brick 1 x 8 with Coast Guard Logo and C 503 Print,1
87318,Mini Construction,30185c02pb01,Window Bay 3 x 8 x 6 with Trans-Dark Blue Glass with 5 White Stripes and Coast Guard Print,1
87322,Mini Construction,30235,Vehicle Base 4 x 10 x 1 2/3,1
87328,Mini Construction,30250pr04,Cockpit 7 x 4 x 3 with Coast Guard Logo and C 502 Print,1
87329,Mini Construction,30251,Windscreen 5 x 4 x 3,1
87332,Mini Construction,30257,"Brick, Arch 1 x 6 x 6",1
87333,Mini Construction,30258pb007,Road Sign Clip-on 2 x 2 Square with Safe/Unsafe Water Print - Set 6435,1
87334,Mini Construction,30261px6,Roadsign Clip-on 2 x 2 Round with Radar Dish Print,1
87336,Mini Construction,30338,Palm Tree Base and Trunk 4 x 4,1
87337,Mini Construction,30339,"Plant, Tree Palm Leaf 4",1
87341,Mini Construction,3037pc0,"Slope 45° 2 x 4 with '268', Map Lines, Bar Gauges Print",1
87342,Mini Construction,3037pr0005,Slope 45° 2 x 4 with Headlight Print,1
87343,Mini Construction,3037px11,Slope 45° 2 x 4 with Fish and Terrain Map Print,1
87351,Mini Construction,3068bp66,Tile 2 x 2 with Coast Guard Shield and Stripes Print,1
87352,Mini Construction,3069bp02,Tile 1 x 2 with Video Tape and Reels Print,1
87355,Mini Construction,32084,Wedge 6 x 8 Cutout,1
87356,Mini Construction,32086,Windscreen 8 x 6 x 3 Wedge,1
87359,Mini Construction,3626bp02,"Minifig Head Female Standard with Red Lips, Eyelashes Print [Blocked Open Stud]",1
87363,Mini Construction,3626bpb0110,Minifig Head with Blue Sunglasses and Moustache Print [Blocked Open Stud],1
87376,Mini Construction,4289,Boat Mast 2 x 2 x 3 Inclined with Stud on Top and Two Sides,1
87386,Mini Construction,51595p01,Baseplate 16 x 16 Driveway with Grey Drive Print,1
87397,Mini Construction,6160c03,"Window 1 x 4 x 6 Frame with 3 Panes, Fixed Glass with Trans-Dark Blue Glass",1
87399,Mini Construction,6228a,Dolphin (Normal Connection - Without Axle Holder),1
87400,Mini Construction,71610pb02,"Boat Hull Unitary 32 x 10 x 1 2/3, Base with Coast Guard Print",1
87401,Mini Construction,76041c04,Door 1 x 4 x 6 with 3 Panes with Trans-Dark Blue Glass,1
87402,Mini Construction,892pb11,Road Sign Clip-on 2 x 2 Triangle with Coast Guard Logo Print,1
87406,Mini Construction,973pb0237c01,"Torso Rescue Coast Guard Logo, Nametag, White Collar, Zipper Print / White Arms / Yellow Hands",1
87407,Mini Construction,973pb0264c01,"Torso Rescue Coast Guard Logo, Nametag, Red Collar, Zipper Print / Red Arms / Yellow Hands",1
87408,Mini Construction,973pb0265c01,"Torso Rescue Coast Guard Logo, Nametag, Blue Collar, Red Tie Print / Blue Arms / Yellow Hands",1
89484,Dirt Bike Transporter,2431px13,Tile 1 x 4 with Octan Logos and '71' Print [6424],1
89485,Dirt Bike Transporter,2431px8,Tile 1 x 4 with Racing 73 Team 1 Print,1
89493,Dirt Bike Transporter,3010a,"Brick 1 x 4 with Bottom Tubes, with 1 Lowered Cross Support",1
89494,Dirt Bike Transporter,3010apr014,"Brick 1 x 4 with '71', Chequered Flag, and Octan Logo Print",1
89495,Dirt Bike Transporter,3010apr015,Brick 1 x 4 with Racing 73 Print,1
89496,Dirt Bike Transporter,3010px2,Brick 1 x 4 with Car Headlights and Blue Oval Print,1
89498,Dirt Bike Transporter,30182pb01,Slope 45 4 x 4 with Blue Stripe Print,1
89499,Dirt Bike Transporter,30182pb02,Slope 45 4 x 4 with Octan Logo and Red & Green Stripe Print,1
89505,Dirt Bike Transporter,3039pb020,Slope 45 2 x 2 with Tachometer and Red 63 km/h Print,1
89516,Dirt Bike Transporter,3941pb01,"Brick, Round 2 x 2 with Octan Text Print",1
89611,Aqua Res-Q Transport,3004p13,Brick 1 x 2 with Telephone Print,1
89612,Aqua Res-Q Transport,3004p18,Brick 1 x 2 with Thin Black POLICE Print,1
89622,Aqua Res-Q Transport,3009p18,"Brick  1 x  6 with Thin Black ""POLICE"" Print",1
89645,Aqua Res-Q Transport,3040p02,Slope Brick 45 2 x 1 with White Rotary Dial Print,1
89653,Aqua Res-Q Transport,3144,Antenna with Side Spokes,1
89658,Aqua Res-Q Transport,3461,Propeller 4 Blade 5 Diameter with Hole for Rotor Holder,1
89659,Aqua Res-Q Transport,3462,Plate Special 2 x 3 with Helicopter Rotor Holder,1
89662,Aqua Res-Q Transport,3480,Propeller 2 Blade,1
89663,Aqua Res-Q Transport,3481,Plate Special 2 x 2 with Helicopter Tail Rotor Holder,1
89672,Aqua Res-Q Transport,3644,Door 1 x 4 x 6,1
89685,Aqua Res-Q Transport,3821p02,Door 1 x 3 x 1 Right with Thin POLICE Print,1
89686,Aqua Res-Q Transport,3822p02,Door 1 x 3 x 1 Left with Thin POLICE Print,1
89699,Aqua Res-Q Transport,4212a,"Vehicle, Base 4 x 10 x 2/3 with 2 x 2 Recessed Center with Center Hole (Early Version)",1
89700,Aqua Res-Q Transport,606p02,"Baseplate, Road 32 x 32 9-Stud Straight with Road and Crosswalk Print",1
89701,Aqua Res-Q Transport,69c01,Tap 1 x 2 Base with Light Gray Spout,1
89705,Aqua Res-Q Transport,973p26c01,Torso Patch Pocket Shirt Print / Blue Arms / Yellow Hands,1
89706,Aqua Res-Q Transport,973pb0079c01,"Torso Police Leather Jacket, White Badge, Curved Zipper Print / Black Arms / Yellow Hands",1
89707,Aqua Res-Q Transport,973pb0091c01,Torso Police Uniform with White Badge and Pocket Print / Black Arms / Yellow Hands,1
95859,Enchanted Island,13756,Glass for Windscreen 2 x 6 x 2,1
95895,Enchanted Island,30552,Hinge Cylinder 1 x 2 Locking with 1 Finger and Axle Hole On Ends,1
95903,Enchanted Island,3626cpr0937,"Minifig Head Black Eyebrows, Cheek Lines, Black Pupils and Frown Print [Hollow Stud]",1
95904,Enchanted Island,3626cpr0966,Minifig Head Alien with Spider-Man Black Web Print [Hollow Stud],1
95905,Enchanted Island,3626cpr1382,"Minifig Head Dual Sided Thick Brown Eyebrows, Silver Sunglasses, Angry Clenched Teeth / Open Mouth Smile Print (Doc Ock) [Hollow Stud]",1
95918,Enchanted Island,40240,"Minifig Hair - Short, Bowl Cut",1
95933,Enchanted Island,48724,Minifig Neck Bracket with Technic Pin,1
95942,Enchanted Island,60476,Brick Special 1 x 1 with Clip Horizontal,1
95946,Enchanted Island,60583a,"Brick Special 1 x 1 x 3 with 2 Clips Vertical [Solid Stud, Thick U Clips]",1
95955,Enchanted Island,64728,Minifig Dynamite Sticks,1
95963,Enchanted Island,90981,"Spider Web, Hanging",1
95969,Enchanted Island,970c00pr0652,Legs and Hips with White Lab Coat Print (Doc Ock) ,1
95970,Enchanted Island,973pr1991c01,"Torso Police Shirt with Gold Badge, Dark Blue Tie and Wrinkles Print / Medium Blue Arms / Light Flesh Hands",1
95971,Enchanted Island,973pr2047c01,Torso Spider-Man Costume 4 Pattern / Blue Arms / Red Hands ,1
95972,Enchanted Island,973pr2625c01,Torso Lab Coat with Pockets over Bright Green Shirt Print (Doc Ock) / White Arms / Yellow Hands,1
95973,Enchanted Island,98282,Mudguard 4 x 2 1/2 x 1 with Arch Round,1
95986,Harbor Sentry,2551,Rowing Boat 14 x 5 x 2 with Oarlocks,1
95987,Harbor Sentry,2560,Boat Hull Large Middle 8 x 16 x 2 1/3 with 9 Holes,1
95989,Harbor Sentry,2586px14,Minifig Shield - Ovoid with Crown on Dark/Med Blue Quarters Print,1
95990,Harbor Sentry,2587pr19,"Minifig Breastplate with Leg Protection, Fantasy Era Crown Print",1
95991,Harbor Sentry,2594,Minifig Helmet Visor Castle,1
95992,Harbor Sentry,2714a,"Bar 8L - Two Stop Rings / One  Pin, Technic Figure Ski Pole [Rounded End]",1
95998,Harbor Sentry,30055,Fence Spindled 1 x 4 x 2 [2 Top Studs],1
96018,Harbor Sentry,30516,Turntable 4 x 4 Locking Grooved Base,1
96021,Harbor Sentry,30658,"Turntable 4 x 4 Top, Locking",1
96037,Harbor Sentry,3626bpr0348,"Minifig Head Male - Messy Black Hair, Goatee Print [Blocked Open Stud]",1
96038,Harbor Sentry,3626bpr0433,Minifig Head - Light Brown Beard with Sideburns and Eyebrows Print [Blocked Open Stud],1
96039,Harbor Sentry,3626bpr0511,Minifig Head with Red Eyes and Lower Fangs Print [Blocked Open Stud],1
96054,Harbor Sentry,40378,Dinosaur Tail / Neck Middle Section with Pin,1
96057,Harbor Sentry,40395,Dinosaur Tail / Neck Base Section with Black Pin,1
96074,Harbor Sentry,47757,Wedge 4 x 4 Pyramid Center,1
96076,Harbor Sentry,48002a,Boat Mast 2 x 2 x 20 with Holes - Side Aligned x shape Axle Hole,1
96079,Harbor Sentry,51342pat0006a,"Dragon Wing 19 x 11, Dark Green Trailing Edge",1
96080,Harbor Sentry,51874pat0003,Dragon Tail Barbed with Marbled Metallic Gold Pattern,1
96085,Harbor Sentry,53452,Boat Hull Viking Bow / Stern,1
96089,Harbor Sentry,59217pat01,Dragon Arm with Black Claws - Left,1
96090,Harbor Sentry,59218pat01,Dragon Arm with Black Claws - Right,1
96091,Harbor Sentry,59224pat0003,Dragon Torso (Fantasy Era) with Metallic Silver Dorsal Scales Pattern,1
96092,Harbor Sentry,59225c01,Serpent Neck S-Curve with Moveable Ball Joint Pin,1
96093,Harbor Sentry,59227pr03,Dragon Head Lower Jaw with White Teeth Print [Dark Green],1
96101,Harbor Sentry,60639c02,"Arm Troll, Right with Pearl Dark Gray Wristband",1
96102,Harbor Sentry,60640,"Hand Troll, Right with Technic Pin",1
96103,Harbor Sentry,60641,"Hand Troll, Left with Technic Pin",1
96104,Harbor Sentry,60642c02,"Arm Troll, Left with Pearl Dark Gray Wristband",1
96105,Harbor Sentry,60671,"Body Giant, Fantasy Era Troll with Pearl Dark Gray Armor",1
96106,Harbor Sentry,60674,Minifig Troll Club,1
96107,Harbor Sentry,60748,Minifig Helmet Castle with Cheek Protection and Studded Bands,1
96108,Harbor Sentry,60750,"Minifig Beard, Tied with Hair in Back",1
96117,Harbor Sentry,61639pr0001,Dragon Head - Upper Jaw with Metallic Silver Armour and Yellow Eyes Print,1
96118,Harbor Sentry,61856p40,Minifig Shield - Octagonal with Troll Skull on Dark Red Print,1
96119,Harbor Sentry,6222,Brick Round 4 x 4 with 4 Side Pin Holes and Center Axle Hole,1
96120,Harbor Sentry,62408,Minifig Breastplate with Shoulders - Troll Warrior (Orc),1
96121,Harbor Sentry,62436pat0003,Dragon Leg (Fantasy Era) Right with Black Claws and Metallic Gold Hip Pattern,1
96122,Harbor Sentry,62438pat0003,Dragon Leg (Fantasy Era) Left with Black Claws and Metallic Gold Hip Pattern,1
96123,Harbor Sentry,62808,Minifig Key,1
96127,Harbor Sentry,71155,Net 10 x 10 Square,1
96133,Harbor Sentry,973pr1321c01,"Torso Castle Fantasy Era Scale Mail, Crown on Buckle, Chest Strap Print / Dark Blue Arms / Yellow Hands",1
96134,Harbor Sentry,973pr1349c01,Torso Castle Fantasy Era Armor with Troll Skull Badge and Chains Print / Sand Green Arms / Sand Green Hands,1
96135,Harbor Sentry,973pr1352c01,Torso Castle Fantasy Era Armor with Brown Belts and Troll Symbol Buckle Print / Sand Green Arms / Sand Green Hands,1
96136,Harbor Sentry,sailbb41,Cloth Sail 14 x 20 Tattered with Fantasy Era Troll Skull Print (7048),1
96305,Package Pick-Up,46281,Clikits Icon - Large Daisy 10 Petals with Pin [Polished],1
96306,Package Pick-Up,47912,Clikits - Child's Bracelet With Hole,1
101408,Captain Redbeard's Pirate Ship,87556pr0004,Minifig Helmet with TIE Pilot Print,1
101409,Captain Redbeard's Pirate Ship,970c00pr0583,Legs and Hips with SW Imperial Gunner Print,1
101410,Captain Redbeard's Pirate Ship,973pr2293c01,Torso TIE Pilot Flight Suit with Back Print / Black Arms / Black Hands,1
